condition_id,model_tag,method,k,n_runs,va_mean,va_std,ex_mean,ex_std,ts_mean,ts_std
llama_base_k0,llama,base,0,1,0.775,,0.415,,,
llama_base_k3,llama,base,3,5,0.868,0.014404860290887946,0.548,0.01680773631397158,0.6198068431247092,0.01573388115367669
llama_qlora_k0,llama,qlora,0,1,0.815,,0.435,,,
llama_qlora_k3,llama,qlora,3,3,0.8566666666666666,0.017559422921421246,0.465,0.014999999999999986,0.5314104706209969,0.025052615759934883
qwen_base_k0,qwen,base,0,1,0.865,,0.51,,,
qwen_base_k3,qwen,base,3,5,0.909,0.018165902124584965,0.665,0.010606601717798222,0.7284702165453091,0.015217506680791202
qwen_qlora_k0,qwen,qlora,0,1,0.805,,0.435,,,
qwen_qlora_k3,qwen,qlora,3,3,0.8916666666666666,0.014433756729740658,0.5483333333333335,0.0028867513459481316,0.6113227513227514,0.011430041057771713
